시군구별,2010. 01,2010. 01(남),2010. 01(여),2010. 02,2010. 02(남),2010. 02(여),2010. 03,2010. 03(남),2010. 03(여),2010. 04,2010. 04(남),2010. 04(여),2010. 05,2010. 05(남),2010. 05(여),2010. 06,2010. 06(남),2010. 06(여),2010. 07,2010. 07(남),2010. 07(여),2010. 08,2010. 08(남),2010. 08(여),2010. 09,2010. 09(남),2010. 09(여),2010. 10,2010. 10(남),2010. 10(여),2010. 11,2010. 11(남),2010. 11(여),2010. 12,2010. 12(남),2010. 12(여),2011. 01,2011. 01(남),2011. 01(여),2011. 02,2011. 02(남),2011. 02(여),2011. 03,2011. 03(남),2011. 03(여),2011. 04,2011. 04(남),2011. 04(여),2011. 05,2011. 05(남),2011. 05(여),2011. 06,2011. 06(남),2011. 06(여),2011. 07,2011. 07(남),2011. 07(여),2011. 08,2011. 08(남),2011. 08(여),2011. 09,2011. 09(남),2011. 09(여),2011. 10,2011. 10(남),2011. 10(여),2011. 11,2011. 11(남),2011. 11(여),2011. 12,2011. 12(남),2011. 12(여),2012. 01,2012. 01(남),2012. 01(여),2012. 02,2012. 02(남),2012. 02(여),2012. 03,2012. 03(남),2012. 03(여),2012. 04,2012. 04(남),2012. 04(여),2012. 05,2012. 05(남),2012. 05(여),2012. 06,2012. 06(남),2012. 06(여),2012. 07,2012. 07(남),2012. 07(여),2012. 08,2012. 08(남),2012. 08(여),2012. 09,2012. 09(남),2012. 09(여),2012. 10,2012. 10(남),2012. 10(여),2012. 11,2012. 11(남),2012. 11(여),2012. 12,2012. 12(남),2012. 12(여),2013. 01,2013. 01(남),2013. 01(여),2013. 02,2013. 02(남),2013. 02(여),2013. 03,2013. 03(남),2013. 03(여),2013. 04,2013. 04(남),2013. 04(여),2013. 05,2013. 05(남),2013. 05(여),2013. 06,2013. 06(남),2013. 06(여),2013. 07,2013. 07(남),2013. 07(여),2013. 08,2013. 08(남),2013. 08(여),2013. 09,2013. 09(남),2013. 09(여),2013. 10,2013. 10(남),2013. 10(여),2013. 11,2013. 11(남),2013. 11(여),2013. 12,2013. 12(남),2013. 12(여),2014. 01,2014. 01(남),2014. 01(여),2014. 02,2014. 02(남),2014. 02(여),2014. 03,2014. 03(남),2014. 03(여),2014. 04,2014. 04(남),2014. 04(여),2014. 05,2014. 05(남),2014. 05(여),2014. 06,2014. 06(남),2014. 06(여),2014. 07,2014. 07(남),2014. 07(여),2014. 08,2014. 08(남),2014. 08(여),2014. 09,2014. 09(남),2014. 09(여),2014. 10,2014. 10(남),2014. 10(여),2014. 11,2014. 11(남),2014. 11(여),2014. 12,2014. 12(남),2014. 12(여),2015. 01,2015. 01(남),2015. 01(여),2015. 02,2015. 02(남),2015. 02(여),2015. 03,2015. 03(남),2015. 03(여),2015. 04,2015. 04(남),2015. 04(여),2015. 05,2015. 05(남),2015. 05(여),2015. 06,2015. 06(남),2015. 06(여),2015. 07,2015. 07(남),2015. 07(여),2015. 08,2015. 08(남),2015. 08(여),2015. 09,2015. 09(남),2015. 09(여),2015. 10,2015. 10(남),2015. 10(여),2015. 11,2015. 11(남),2015. 11(여),2015. 12,2015. 12(남),2015. 12(여),2016. 01,2016. 01(남),2016. 01(여),2016. 02,2016. 02(남),2016. 02(여),2016. 03,2016. 03(남),2016. 03(여),2016. 04,2016. 04(남),2016. 04(여),2016. 05,2016. 05(남),2016. 05(여),2016. 06,2016. 06(남),2016. 06(여),2016. 07,2016. 07(남),2016. 07(여),2016. 08,2016. 08(남),2016. 08(여),2016. 09,2016. 09(남),2016. 09(여),2016. 10,2016. 10(남),2016. 10(여),2016. 11,2016. 11(남),2016. 11(여),2016. 12,2016. 12(남),2016. 12(여),2017. 01,2017. 01(남),2017. 01(여),2017. 02,2017. 02(남),2017. 02(여),2017. 03,2017. 03(남),2017. 03(여),2017. 04,2017. 04(남),2017. 04(여),2017. 05,2017. 05(남),2017. 05(여),2017. 06,2017. 06(남),2017. 06(여),2017. 07,2017. 07(남),2017. 07(여),2017. 08,2017. 08(남),2017. 08(여),2017. 09,2017. 09(남),2017. 09(여),2017. 10,2017. 10(남),2017. 10(여),2017. 11,2017. 11(남),2017. 11(여),2017. 12,2017. 12(남),2017. 12(여),2018. 01,2018. 01(남),2018. 01(여),2018. 02,2018. 02(남),2018. 02(여),2018. 03,2018. 03(남),2018. 03(여),2018. 04,2018. 04(남),2018. 04(여),2018. 05,2018. 05(남),2018. 05(여),2018. 06,2018. 06(남),2018. 06(여),2018. 07,2018. 07(남),2018. 07(여),2018. 08,2018. 08(남),2018. 08(여),2018. 09,2018. 09(남),2018. 09(여),2018. 10,2018. 10(남),2018. 10(여),2018. 11,2018. 11(남),2018. 11(여),2018. 12,2018. 12(남),2018. 12(여),2019. 01,2019. 01(남),2019. 01(여),2019. 02,2019. 02(남),2019. 02(여),2019. 03,2019. 03(남),2019. 03(여),2019. 04,2019. 04(남),2019. 04(여),2019. 05,2019. 05(남),2019. 05(여),2019. 06,2019. 06(남),2019. 06(여),2019. 07,2019. 07(남),2019. 07(여),2019. 08,2019. 08(남),2019. 08(여),2019. 09,2019. 09(남),2019. 09(여),2019. 10,2019. 10(남),2019. 10(여),2019. 11,2019. 11(남),2019. 11(여),2019. 12,2019. 12(남),2019. 12(여),2020. 01,2020. 01(남),2020. 01(여),2020. 02,2020. 02(남),2020. 02(여),2020. 03,2020. 03(남),2020. 03(여),2020. 04,2020. 04(남),2020. 04(여),2020. 05,2020. 05(남),2020. 05(여),2020. 06,2020. 06(남),2020. 06(여),2020. 07,2020. 07(남),2020. 07(여),2020. 08,2020. 08(남),2020. 08(여),2020. 09,2020. 09(남),2020. 09(여),2020. 10,2020. 10(남),2020. 10(여),2020. 11,2020. 11(남),2020. 11(여),2020. 12,2020. 12(남),2020. 12(여)
서울특별시,8711,4556,4155,7298,3765,3533,8347,4371,3976,7647,4002,3645,7425,3757,3668,7207,3707,3500,7232,3700,3532,7523,3859,3664,8225,4275,3950,8612,4407,4205,8196,4242,3954,6843,3480,3363,9511,4915,4596,7150,3619,3531,8236,4208,4028,7841,4052,3789,7537,3819,3718,7058,3625,3433,7397,3793,3604,7611,3917,3694,7584,3876,3708,7593,3784,3809,7359,3804,3555,6649,3441,3208,8758,4580,4178,7837,4140,3697,8364,4375,3989,7700,3939,3761,7629,3928,3701,7493,3834,3659,7840,3994,3846,8089,4143,3946,7938,4113,3825,8017,4083,3934,7518,3865,3653,6731,3359,3372,8530,4375,4155,7045,3584,3461,7316,3782,3534,7162,3711,3451,6843,3553,3290,6486,3375,3111,6833,3441,3392,7031,3619,3412,7056,3627,3429,6945,3618,3327,6718,3412,3306,6101,3084,3017,8038,4177,3861,6932,3515,3417,7253,3766,3487,7154,3733,3421,6878,3485,3393,6406,3334,3072,6975,3549,3426,7192,3684,3508,7393,3756,3637,6987,3530,3457,6244,3195,3049,6259,3175,3084,8033,4075,3958,6674,3420,3254,7603,3929,3674,7235,3760,3475,6993,3591,3402,6823,3456,3367,6885,3510,3375,6806,3467,3339,6820,3487,3333,6799,3456,3343,6381,3221,3160,5953,2998,2955,7426,3825,3601,6437,3280,3157,7176,3695,3481,6547,3372,3175,6422,3225,3197,6233,3173,3060,6414,3326,3088,6152,3146,3006,6292,3247,3045,5891,3035,2856,5495,2811,2684,5051,2609,2442,6376,3311,3065,5646,2910,2736,6133,3117,3016,5542,2813,2729,5434,2753,2681,5361,2745,2616,5345,2748,2597,5440,2767,2673,5490,2833,2657,5015,2515,2500,4943,2580,2363,4664,2393,2271,5675,2919,2756,4792,2413,2379,5278,2717,2561,4957,2565,2392,4942,2625,2317,4603,2410,2193,4845,2482,2363,4925,2586,2339,4687,2440,2247,4689,2466,2223,4571,2369,2202,4110,2145,1965,5248,2700,2548,4578,2383,2195,4811,2519,2292,4686,2394,2292,4524,2356,2168,4301,2226,2075,4551,2379,2172,4330,2211,2119,4291,2225,2066,4513,2337,2176,4170,2128,2042,3670,1953,1717,4701,2394,2307,3927,2002,1925,4126,2172,1954,4095,2096,1999,3984,2044,1940,3886,1956,1930,3954,2011,1943,3897,2015,1882,4108,2084,2024,3870,2021,1849,3469,1789,1680,3428,1760,1668
종로구,114,59,55,77,34,43,111,55,56,84,42,42,77,31,46,89,48,41,78,41,37,85,40,45,102,51,51,96,61,35,113,65,48,81,39,42,115,54,61,85,52,33,93,45,48,87,43,44,105,48,57,62,33,29,95,49,46,96,44,52,92,52,40,93,46,47,89,49,40,91,46,45,88,51,37,88,40,48,95,54,41,77,44,33,87,41,46,86,49,37,88,45,43,118,73,45,105,57,48,97,49,48,85,44,41,86,43,43,110,59,51,62,32,30,83,39,44,77,40,37,67,27,40,69,33,36,56,34,22,72,34,38,70,38,32,62,36,26,72,31,41,73,37,36,100,54,46,84,38,46,89,44,45,77,40,37,76,38,38,59,33,26,70,36,34,81,45,36,69,37,32,70,31,39,67,38,29,63,40,23,94,43,51,63,29,34,91,47,44,68,37,31,71,37,34,61,23,38,62,27,35,79,41,38,81,48,33,85,41,44,86,46,40,65,30,35,96,46,50,66,37,29,68,38,30,75,37,38,68,33,35,62,37,25,85,40,45,69,42,27,56,28,28,73,41,32,63,31,32,65,34,31,75,39,36,45,23,22,53,22,31,54,30,24,54,30,24,60,32,28,59,25,34,66,32,34,52,19,33,58,31,27,53,23,30,60,31,29,65,38,27,47,25,22,60,33,27,51,24,27,50,30,20,49,23,26,40,23,17,61,35,26,56,30,26,61,32,29,65,37,28,39,18,21,55,32,23,48,19,29,64,34,30,57,32,25,54,26,28,56,28,28,62,29,33,49,24,25,64,29,35,59,27,32,60,31,29,45,23,22,60,25,35,47,23,24,40,23,17,48,28,20,51,31,20,40,17,23,38,21,17,48,19,29,50,27,23,45,26,19,33,15,18,29,13,16
중구,121,62,59,89,44,45,87,52,35,107,57,50,92,55,37,97,50,47,97,41,56,90,48,42,98,50,48,116,52,64,99,48,51,77,41,36,122,63,59,85,49,36,96,44,52,98,53,45,99,51,48,81,42,39,87,40,47,109,48,61,77,31,46,96,49,47,82,46,36,73,34,39,125,62,63,95,48,47,109,67,42,105,52,53,87,41,46,98,51,47,101,56,45,110,47,63,98,51,47,102,38,64,105,54,51,80,42,38,111,62,49,78,42,36,83,42,41,79,38,41,95,46,49,83,45,38,82,43,39,95,63,32,64,31,33,87,41,46,76,33,43,89,45,44,108,55,53,84,51,33,85,44,41,79,30,49,80,33,47,95,48,47,87,42,45,77,47,30,108,58,50,86,48,38,72,36,36,80,39,41,90,41,49,81,45,36,87,46,41,79,39,40,83,45,38,79,40,39,89,44,45,69,36,33,80,38,42,86,40,46,57,31,26,70,40,30,86,52,34,84,51,33,96,54,42,88,48,40,80,44,36,80,42,38,74,38,36,84,37,47,84,43,41,82,33,49,74,31,43,47,24,23,78,37,41,72,41,31,89,42,47,69,32,37,92,38,54,56,35,21,55,28,27,39,17,22,71,32,39,61,33,28,63,29,34,63,33,30,56,25,31,59,31,28,66,28,38,69,35,34,65,32,33,55,32,23,55,27,28,68,26,42,66,32,34,60,27,33,58,22,36,56,25,31,80,43,37,71,40,31,65,33,32,58,38,20,70,38,32,57,29,28,59,30,29,70,39,31,53,22,31,76,43,33,77,46,31,47,25,22,68,29,39,62,29,33,55,30,25,57,34,23,49,24,25,65,32,33,76,36,40,58,26,32,57,29,28,61,37,24,42,19,23,40,23,17
용산구,200,102,98,175,85,90,192,93,99,179,90,89,168,89,79,206,111,95,220,107,113,188,96,92,236,123,113,191,95,96,198,93,105,159,73,86,222,125,97,174,92,82,195,104,91,196,96,100,200,106,94,175,89,86,199,108,91,214,100,114,179,95,84,192,96,96,174,82,92,189,97,92,225,117,108,210,106,104,206,99,107,208,116,92,202,110,92,192,88,104,196,119,77,221,111,110,191,93,98,199,99,100,195,103,92,166,79,87,223,123,100,178,93,85,163,84,79,204,121,83,181,100,81,175,82,93,156,74,82,172,87,85,169,77,92,181,95,86,166,88,78,161,67,94,197,103,94,157,76,81,171,95,76,180,89,91,136,71,65,150,76,74,168,91,77,181,88,93,186,99,87,149,79,70,141,69,72,160,82,78,177,91,86,175,94,81,174,80,94,185,96,89,179,86,93,189,92,97,154,79,75,148,84,64,150,70,80,155,86,69,138,71,67,143,67,76,171,89,82,140,76,64,177,83,94,148,69,79,148,78,70,126,66,60,157,78,79,145,86,59,143,70,73,140,82,58,124,62,62,89,39,50,140,68,72,116,63,53,136,66,70,130,63,67,106,60,46,117,52,65,119,67,52,131,68,63,126,61,65,115,50,65,134,71,63,94,56,38,127,73,54,124,60,64,118,55,63,122,62,60,117,63,54,121,56,65,110,64,46,100,54,46,122,69,53,115,59,56,110,59,51,91,43,48,140,70,70,102,50,52,110,48,62,118,66,52,116,64,52,104,58,46,109,60,49,105,52,53,98,59,39,110,63,47,122,53,69,80,41,39,118,61,57,90,42,48,110,54,56,103,60,43,107,55,52,93,52,41,93,49,44,87,47,40,110,59,51,91,40,51,81,46,35,93,46,47
성동구,269,145,124,254,140,114,271,153,118,230,130,100,224,107,117,227,132,95,234,119,115,210,108,102,235,117,118,280,133,147,245,119,126,207,105,102,299,163,136,216,111,105,252,130,122,238,120,118,236,135,101,231,105,126,202,97,105,218,114,104,244,132,112,222,112,110,214,109,105,204,109,95,273,138,135,244,135,109,247,120,127,226,109,117,223,111,112,210,111,99,270,139,131,262,133,129,233,141,92,241,120,121,207,111,96,199,95,104,287,143,144,231,124,107,254,140,114,230,121,109,244,126,118,221,116,105,236,117,119,225,120,105,224,117,107,229,126,103,229,114,115,228,112,116,268,139,129,214,102,112,229,120,109,233,111,122,217,114,103,211,114,97,210,112,98,214,94,120,232,112,120,248,134,114,202,91,111,176,98,78,273,143,130,216,113,103,271,140,131,229,114,115,221,113,108,211,101,110,247,107,140,225,123,102,247,115,132,226,112,114,204,106,98,183,92,91,230,106,124,211,105,106,228,111,117,224,116,108,192,92,100,206,102,104,227,124,103,218,122,96,218,112,106,203,101,102,207,113,94,167,83,84,251,125,126,202,104,98,214,114,100,205,98,107,217,110,107,190,84,106,208,110,98,213,119,94,211,120,91,193,95,98,196,109,87,162,77,85,216,116,100,194,101,93,223,117,106,199,118,81,190,109,81,177,86,91,209,103,106,202,102,100,188,84,104,189,97,92,179,101,78,180,100,80,217,103,114,183,78,105,186,110,76,192,98,94,199,91,108,172,81,91,176,90,86,202,117,85,165,88,77,192,97,95,160,84,76,147,83,64,193,99,94,177,90,87,165,94,71,143,75,68,182,94,88,167,81,86,159,81,78,147,77,70,181,92,89,155,74,81,162,90,72,114,62,52
광진구,332,177,155,271,151,120,299,163,136,280,159,121,259,129,130,262,131,131,258,125,133,274,134,140,303,161,142,320,166,154,277,141,136,231,124,107,323,173,150,280,129,151,289,152,137,274,149,125,252,126,126,270,125,145,270,131,139,265,134,131,303,158,145,220,109,111,232,119,113,206,110,96,290,159,131,278,155,123,290,154,136,258,136,122,266,146,120,281,138,143,281,140,141,285,154,131,287,148,139,282,143,139,282,151,131,239,128,111,280,130,150,241,118,123,257,130,127,284,142,142,233,120,113,255,144,111,251,120,131,253,136,117,270,152,118,227,118,109,230,126,104,209,103,106,304,140,164,236,126,110,259,133,126,252,135,117,262,126,136,239,111,128,237,126,111,273,143,130,261,145,116,243,129,114,218,123,95,227,115,112,293,136,157,258,125,133,269,140,129,262,137,125,241,138,103,230,109,121,253,117,136,241,126,115,226,108,118,245,125,120,225,110,115,208,112,96,266,149,117,221,106,115,277,141,136,241,118,123,227,112,115,246,109,137,249,141,108,214,106,108,251,130,121,208,114,94,188,97,91,179,88,91,249,138,111,220,120,100,221,116,105,200,115,85,191,96,95,183,95,88,194,104,90,191,101,90,184,94,90,175,82,93,162,85,77,177,95,82,206,117,89,195,86,109,198,109,89,176,93,83,186,93,93,182,101,81,212,98,114,175,93,82,187,97,90,163,80,83,171,90,81,146,74,72,196,91,105,209,106,103,158,88,70,161,74,87,156,81,75,148,64,84,161,91,70,165,101,64,169,90,79,160,91,69,155,81,74,119,64,55,139,64,75,119,60,59,148,72,76,134,63,71,121,61,60,122,64,58,135,70,65,140,72,68,128,66,62,115,63,52,121,64,57,110,50,60
동대문구,258,131,127,247,116,131,278,142,136,240,134,106,204,103,101,195,99,96,245,124,121,225,118,107,234,120,114,252,150,102,265,140,125,237,113,124,276,131,145,224,112,112,276,145,131,237,117,120,227,101,126,233,138,95,235,126,109,248,122,126,261,117,144,263,128,135,260,144,116,207,103,104,262,138,124,247,122,125,279,157,122,252,128,124,254,129,125,257,141,116,255,114,141,251,137,114,222,118,104,240,115,125,229,118,111,215,111,104,243,134,109,222,119,103,247,129,118,239,131,108,211,94,117,203,107,96,210,100,110,224,122,102,212,102,110,230,120,110,215,106,109,195,104,91,261,138,123,210,105,105,238,125,113,219,117,102,212,102,110,188,101,87,201,114,87,198,110,88,252,138,114,244,143,101,220,115,105,191,92,99,235,105,130,217,108,109,260,127,133,245,128,117,232,122,110,225,118,107,244,126,118,197,113,84,221,111,110,217,121,96,213,114,99,181,100,81,246,119,127,217,106,111,235,127,108,209,98,111,200,97,103,195,105,90,205,94,111,186,96,90,199,94,105,171,90,81,170,88,82,150,71,79,202,98,104,194,101,93,206,100,106,180,101,79,153,88,65,166,84,82,178,90,88,166,97,69,179,95,84,170,92,78,186,94,92,137,70,67,176,96,80,143,68,75,169,90,79,169,90,79,138,80,58,141,78,63,185,92,93,153,79,74,181,90,91,141,81,60,142,79,63,148,71,77,170,94,76,148,74,74,162,90,72,164,73,91,158,80,78,150,80,70,160,79,81,147,63,84,169,82,87,174,86,88,149,68,81,133,74,59,185,85,100,139,63,76,138,77,61,156,79,77,127,64,63,147,74,73,117,56,61,141,69,72,157,82,75,132,72,60,124,69,55,139,70,69
중랑구,360,200,160,254,135,119,323,175,148,290,148,142,290,140,150,266,130,136,285,150,135,270,146,124,351,196,155,299,156,143,312,164,148,270,139,131,373,186,187,271,149,122,321,150,171,287,142,145,304,176,128,282,154,128,270,140,130,280,138,142,282,162,120,274,131,143,268,131,137,238,118,120,345,184,161,313,161,152,293,140,153,322,171,151,321,163,158,293,144,149,302,151,151,324,178,146,301,129,172,330,161,169,278,162,116,237,129,108,331,161,170,276,138,138,263,135,128,285,137,148,285,152,133,253,139,114,243,121,122,284,140,144,249,140,109,269,145,124,278,154,124,249,131,118,302,150,152,302,143,159,262,132,130,248,121,127,281,144,137,245,112,133,271,121,150,288,144,144,297,157,140,281,134,147,240,113,127,271,136,135,332,169,163,275,142,133,292,166,126,302,157,145,288,146,142,272,148,124,280,147,133,294,152,142,276,139,137,285,146,139,253,132,121,219,114,105,286,131,155,300,152,148,274,139,135,273,147,126,252,122,130,222,108,114,258,133,125,274,124,150,253,136,117,247,133,114,234,115,119,212,111,101,262,148,114,230,116,114,247,127,120,251,137,114,233,113,120,239,130,109,228,107,121,203,90,113,222,120,102,207,97,110,214,108,106,208,114,94,246,123,123,207,111,96,205,107,98,231,132,99,189,85,104,193,108,85,185,88,97,208,105,103,202,105,97,223,116,107,192,101,91,165,84,81,233,133,100,201,107,94,197,115,82,219,105,114,180,84,96,187,99,88,203,113,90,158,76,82,162,87,75,174,90,84,169,85,84,161,82,79,179,92,87,157,78,79,145,72,73,182,103,79,146,79,67,147,69,78,167,83,84,144,77,67,151,69,82,176,98,78,134,72,62,145,65,80
성북구,452,229,223,318,158,160,399,195,204,353,186,167,362,179,183,302,160,142,349,177,172,367,177,190,376,181,195,407,210,197,379,190,189,345,171,174,496,269,227,335,162,173,423,211,212,333,187,146,355,181,174,339,179,160,366,189,177,355,177,178,370,189,181,367,191,176,360,193,167,315,187,128,414,224,190,363,192,171,365,187,178,342,176,166,384,206,178,347,182,165,346,165,181,339,167,172,369,190,179,323,170,153,335,174,161,290,143,147,393,196,197,308,154,154,339,182,157,305,131,174,302,147,155,318,149,169,330,178,152,330,166,164,313,166,147,344,171,173,314,162,152,235,113,122,319,185,134,325,152,173,314,169,145,309,148,161,276,136,140,289,149,140,299,148,151,305,155,150,280,144,136,294,142,152,263,131,132,264,126,138,342,184,158,238,121,117,333,165,168,315,158,157,299,155,144,315,154,161,321,172,149,267,127,140,310,181,129,276,135,141,247,121,126,251,132,119,302,150,152,240,123,117,296,154,142,253,130,123,282,140,142,255,127,128,256,127,129,237,120,117,258,140,118,227,101,126,225,112,113,229,128,101,275,144,131,216,98,118,248,136,112,198,90,108,213,116,97,225,102,123,216,109,107,238,135,103,239,128,111,190,96,94,202,95,107,171,95,76,228,125,103,182,92,90,212,100,112,179,95,84,210,120,90,168,89,79,193,103,90,184,91,93,164,92,72,189,101,88,186,108,78,169,94,75,217,103,114,172,88,84,173,97,76,196,105,91,172,89,83,190,95,95,177,87,90,177,89,88,174,86,88,192,94,98,160,86,74,147,79,68,195,95,100,180,95,85,190,89,101,181,93,88,173,91,82,163,79,84,153,77,76,170,89,81,162,72,90,199,99,100,154,79,75,121,64,57
강북구,225,109,116,201,109,92,245,115,130,183,97,86,240,114,126,221,120,101,232,109,123,237,118,119,255,136,119,276,146,130,281,134,147,205,105,100,283,137,146,212,107,105,272,147,125,260,141,119,228,101,127,214,109,105,211,113,98,236,120,116,218,97,121,213,121,92,238,127,111,204,101,103,268,141,127,205,98,107,262,150,112,242,126,116,233,130,103,207,109,98,241,137,104,270,140,130,224,131,93,247,119,128,237,121,116,182,88,94,263,149,114,216,111,105,225,137,88,210,101,109,230,124,106,198,112,86,211,105,106,202,118,84,189,96,93,173,87,86,186,85,101,188,99,89,217,114,103,194,89,105,213,96,117,209,117,92,206,116,90,187,99,88,203,89,114,189,99,90,220,113,107,193,97,96,161,89,72,168,86,82,230,125,105,195,102,93,159,81,78,186,98,88,201,96,105,165,80,85,163,87,76,175,92,83,162,89,73,202,95,107,168,82,86,158,86,72,195,96,99,174,82,92,204,103,101,160,79,81,154,77,77,169,85,84,164,85,79,162,96,66,157,78,79,145,80,65,141,63,78,140,66,74,154,79,75,158,84,74,181,88,93,167,71,96,154,67,87,159,85,74,145,79,66,141,65,76,138,78,60,129,67,62,116,57,59,130,62,68,143,66,77,105,48,57,130,57,73,122,62,60,112,59,53,112,59,53,114,52,62,112,63,49,101,66,35,116,56,60,92,56,36,85,47,38,126,70,56,118,68,50,122,56,66,106,57,49,114,51,63,70,38,32,122,65,57,99,52,47,86,44,42,98,53,45,88,44,44,78,39,39,120,64,56,83,50,33,101,53,48,90,48,42,94,50,44,98,51,47,92,46,46,79,43,36,76,37,39,67,35,32,73,39,34,76,41,35
도봉구,282,155,127,240,131,109,299,156,143,261,130,131,260,146,114,222,117,105,239,111,128,258,136,122,275,141,134,305,153,152,279,145,134,238,119,119,300,166,134,237,126,111,265,129,136,266,143,123,254,127,127,211,114,97,250,128,122,271,159,112,253,112,141,265,135,130,222,113,109,211,112,99,291,160,131,249,134,115,274,152,122,267,142,125,253,137,116,253,132,121,271,134,137,273,142,131,253,135,118,249,124,125,224,121,103,226,113,113,249,132,117,203,88,115,237,125,112,218,131,87,199,106,93,180,88,92,238,123,115,216,114,102,218,121,97,205,110,95,190,99,91,177,81,96,248,128,120,203,111,92,220,108,112,216,132,84,178,96,82,203,101,102,222,103,119,231,128,103,235,115,120,226,128,98,183,99,84,188,103,85,243,130,113,193,106,87,227,116,111,220,114,106,224,108,116,206,107,99,198,89,109,213,99,114,194,97,97,219,112,107,178,93,85,166,79,87,224,102,122,199,105,94,219,119,100,179,104,75,199,104,95,171,83,88,172,86,86,188,93,95,200,102,98,185,87,98,154,85,69,159,78,81,178,92,86,170,83,87,187,95,92,157,83,74,159,75,84,160,88,72,141,66,75,177,91,86,148,71,77,152,74,78,126,78,48,151,82,69,160,86,74,131,68,63,136,64,72,153,83,70,132,66,66,142,79,63,140,76,64,157,76,81,129,75,54,141,75,66,150,82,68,136,73,63,130,72,58,124,64,60,117,57,60,137,64,73,99,51,48,151,85,66,105,54,51,133,72,61,124,61,63,148,83,65,111,63,48,104,60,44,121,61,60,98,46,52,111,67,44,110,53,57,113,61,52,110,62,48,94,44,50,92,46,46,108,56,52,92,44,48,80,42,38,89,49,40
노원구,490,254,236,419,237,182,442,229,213,452,220,232,410,194,216,384,188,196,405,213,192,441,208,233,469,259,210,516,275,241,480,253,227,390,199,191,523,257,266,378,192,186,465,229,236,415,211,204,443,229,214,387,192,195,400,201,199,444,228,216,451,241,210,415,204,211,393,192,201,349,184,165,526,267,259,413,216,197,440,226,214,429,203,226,435,218,217,407,217,190,431,201,230,495,260,235,448,226,222,491,247,244,432,205,227,349,173,176,512,254,258,402,211,191,398,206,192,384,209,175,352,176,176,333,182,151,379,192,187,387,200,187,405,190,215,381,211,170,363,192,171,372,181,191,445,226,219,391,217,174,417,218,199,371,200,171,375,190,185,324,169,155,402,203,199,424,221,203,423,212,211,408,215,193,377,184,193,358,183,175,407,194,213,371,199,172,434,233,201,397,210,187,346,193,153,348,171,177,365,176,189,364,185,179,389,209,180,362,184,178,357,180,177,322,152,170,396,214,182,341,191,150,392,222,170,329,171,158,374,188,186,328,182,146,352,173,179,339,163,176,357,193,164,345,173,172,346,176,170,277,146,131,358,188,170,289,144,145,316,152,164,258,122,136,281,139,142,300,140,160,283,160,123,312,159,153,304,152,152,288,140,148,254,136,118,251,140,111,298,151,147,267,131,136,255,128,127,248,125,123,230,120,110,212,114,98,242,132,110,225,127,98,201,104,97,256,128,128,214,120,94,203,110,93,256,135,121,203,110,93,233,116,117,225,104,121,219,115,104,191,98,93,244,124,120,201,108,93,215,113,102,229,111,118,201,109,92,187,106,81,231,120,111,192,99,93,199,112,87,190,96,94,187,106,81,173,89,84,192,102,90,180,98,82,179,104,75,187,88,99,165,85,80,177,89,88
은평구,361,198,163,310,163,147,363,197,166,337,158,179,316,159,157,321,160,161,312,165,147,305,167,138,394,194,200,399,221,178,380,193,187,297,148,149,416,232,184,345,174,171,370,172,198,344,183,161,355,161,194,344,162,182,354,178,176,343,184,159,384,196,188,360,186,174,372,181,191,331,158,173,388,215,173,393,218,175,417,219,198,373,184,189,377,181,196,385,190,195,409,207,202,426,219,207,383,180,203,391,198,193,357,188,169,355,161,194,395,213,182,343,162,181,360,190,170,329,178,151,362,191,171,341,177,164,329,169,160,338,194,144,370,189,181,347,186,161,334,170,164,309,159,150,394,213,181,308,163,145,355,188,167,328,184,144,352,177,175,313,172,141,357,180,177,327,167,160,375,196,179,336,164,172,329,177,152,311,151,160,390,199,191,298,147,151,371,188,183,333,175,158,317,166,151,287,144,143,334,160,174,326,147,179,333,159,174,298,155,143,294,146,148,289,140,149,350,184,166,322,161,161,348,168,180,327,177,150,300,161,139,284,146,138,282,138,144,277,137,140,269,145,124,287,145,142,238,129,109,238,134,104,296,160,136,249,106,143,298,158,140,236,118,118,229,111,118,248,131,117,219,111,108,237,127,110,260,130,130,228,121,107,219,100,119,211,93,118,266,147,119,201,107,94,246,120,126,240,123,117,222,113,109,205,97,108,239,123,116,268,136,132,224,108,116,204,115,89,205,90,115,183,85,98,246,131,115,218,104,114,205,104,101,218,127,91,223,129,94,210,114,96,200,102,98,188,103,85,195,92,103,180,94,86,170,83,87,154,70,84,200,95,105,198,89,109,194,100,94,186,86,100,178,94,84,161,80,81,166,88,78,175,96,79,194,101,93,164,92,72,163,91,72,165,80,85
서대문구,251,138,113,228,106,122,227,116,111,223,123,100,220,109,111,216,109,107,224,133,91,233,113,120,202,103,99,242,131,111,227,116,111,220,123,97,250,133,117,203,98,105,218,109,109,218,99,119,184,95,89,180,91,89,189,93,96,200,92,108,182,94,88,213,99,114,182,91,91,149,77,72,218,120,98,201,100,101,230,130,100,190,91,99,187,105,82,194,102,92,205,98,107,223,122,101,212,101,111,224,119,105,199,113,86,187,98,89,240,140,100,194,97,97,193,101,92,203,95,108,198,101,97,172,73,99,199,114,85,219,113,106,182,90,92,187,100,87,188,92,96,183,97,86,228,112,116,193,96,97,223,116,107,187,94,93,207,102,105,155,81,74,175,91,84,216,109,107,195,97,98,214,107,107,159,83,76,182,95,87,200,86,114,163,78,85,189,105,84,201,98,103,174,95,79,188,102,86,182,92,90,198,100,98,181,97,84,182,99,83,153,78,75,164,76,88,200,107,93,209,105,104,217,125,92,164,86,78,203,99,104,161,80,81,191,108,83,195,91,104,198,93,105,167,84,83,149,76,73,147,70,77,203,106,97,171,84,87,178,93,85,178,101,77,138,68,70,155,73,82,151,76,75,182,99,83,144,74,70,143,72,71,120,58,62,148,69,79,167,95,72,135,78,57,169,83,86,141,74,67,141,72,69,128,70,58,146,73,73,145,85,60,130,65,65,126,73,53,110,51,59,109,60,49,138,66,72,121,54,67,135,67,68,139,69,70,125,68,57,134,76,58,130,64,66,115,60,55,128,68,60,122,65,57,106,51,55,128,62,66,177,90,87,116,65,51,124,55,69,129,65,64,146,69,77,125,66,59,123,65,58,131,62,69,139,77,62,109,55,54,114,54,60,100,52,48
마포구,358,192,166,307,152,155,320,170,150,306,156,150,309,176,133,268,142,126,310,149,161,346,182,164,340,179,161,357,171,186,324,168,156,279,140,139,381,210,171,302,135,167,352,182,170,341,160,181,324,163,161,319,183,136,309,150,159,315,156,159,307,142,165,313,144,169,305,141,164,291,151,140,392,215,177,274,163,111,329,160,169,324,169,155,295,156,139,317,168,149,330,155,175,310,154,156,312,168,144,331,168,163,309,155,154,274,156,118,346,166,180,256,132,124,280,139,141,295,149,146,278,146,132,263,140,123,260,132,128,279,131,148,263,143,120,291,131,160,272,136,136,237,119,118,323,163,160,246,121,125,289,146,143,314,162,152,279,148,131,239,129,110,291,151,140,298,155,143,293,151,142,292,153,139,248,134,114,261,123,138,322,167,155,280,149,131,329,179,150,338,170,168,301,138,163,308,168,140,316,167,149,315,158,157,299,143,156,291,153,138,259,121,138,268,128,140,324,176,148,269,135,134,318,184,134,288,142,146,279,125,154,302,155,147,301,149,152,266,131,135,286,147,139,263,140,123,262,128,134,234,118,116,263,128,135,265,143,122,253,132,121,270,136,134,245,128,117,213,121,92,251,128,123,189,104,85,235,121,114,203,108,95,216,105,111,209,107,102,228,104,124,213,108,105,227,104,123,197,99,98,217,116,101,198,90,108,184,100,84,221,114,107,198,109,89,218,117,101,236,118,118,191,102,89,235,118,117,207,109,98,226,112,114,203,112,91,184,94,90,180,91,89,198,115,83,191,97,94,169,87,82,212,98,114,163,79,84,166,88,78,163,92,71,172,91,81,183,110,73,178,93,85,169,95,74,154,69,85,168,85,83,183,92,91,174,80,94,166,90,76,147,82,65,158,78,80
양천구,330,187,143,289,135,154,367,199,168,309,174,135,293,155,138,273,137,136,280,138,142,290,158,132,321,177,144,321,156,165,350,188,162,255,125,130,346,172,174,273,134,139,308,179,129,347,187,160,311,163,148,319,174,145,308,163,145,300,166,134,322,178,144,325,177,148,288,158,130,280,146,134,346,183,163,335,177,158,353,179,174,301,160,141,338,165,173,303,160,143,313,165,148,327,146,181,351,187,164,308,148,160,307,162,145,287,144,143,358,184,174,344,176,168,298,150,148,301,167,134,296,163,133,269,137,132,269,136,133,280,163,117,290,152,138,318,169,149,282,148,134,242,121,121,323,178,145,299,154,145,307,167,140,315,153,162,314,159,155,271,152,119,287,163,124,305,150,155,306,146,160,281,124,157,257,137,120,262,142,120,330,180,150,285,155,130,321,176,145,310,165,145,306,148,158,308,154,154,272,132,140,293,146,147,285,128,157,291,157,134,272,137,135,253,125,128,336,159,177,254,127,127,307,149,158,298,153,145,260,132,128,262,139,123,303,149,154,294,153,141,315,157,158,256,123,133,243,127,116,206,111,95,276,134,142,296,150,146,296,152,144,241,121,120,221,118,103,226,122,104,255,136,119,244,138,106,210,105,105,220,107,113,213,99,114,178,92,86,218,83,135,208,85,123,196,99,97,187,92,95,235,131,104,193,109,84,181,88,93,196,105,91,202,111,91,197,107,90,194,93,101,180,82,98,210,109,101,203,122,81,226,115,111,209,119,90,191,115,76,153,82,71,190,99,91,174,89,85,171,86,85,193,104,89,150,80,70,152,83,69,164,76,88,148,73,75,153,84,69,160,77,83,153,73,80,142,79,63,166,91,75,167,87,80,175,92,83,156,84,72,163,79,84,128,82,46
강서구,533,295,238,451,236,215,515,263,252,455,248,207,448,223,225,455,244,211,417,239,178,482,259,223,544,286,258,506,275,231,491,268,223,423,215,208,637,327,310,428,226,202,528,267,261,489,238,251,479,237,242,407,212,195,432,208,224,494,238,256,485,267,218,460,242,218,468,250,218,446,225,221,520,275,245,478,243,235,521,261,260,483,243,240,469,218,251,451,215,236,485,240,245,502,240,262,526,281,245,520,250,270,511,252,259,409,204,205,537,263,274,438,215,223,434,215,219,407,205,202,426,222,204,404,209,195,421,202,219,426,230,196,463,212,251,466,246,220,414,200,214,388,187,201,543,279,264,452,226,226,459,226,233,435,216,219,433,212,221,390,199,191,429,219,210,469,217,252,503,258,245,456,232,224,446,224,222,409,182,227,552,270,282,504,259,245,525,261,264,461,248,213,468,262,206,478,235,243,479,249,230,473,242,231,436,233,203,506,257,249,497,250,247,433,212,221,561,303,258,463,233,230,563,289,274,472,250,222,438,241,197,451,226,225,474,248,226,451,233,218,425,224,201,432,227,205,357,191,166,369,194,175,423,228,195,396,205,191,438,201,237,410,214,196,455,228,227,368,195,173,399,211,188,415,199,216,399,214,185,371,187,184,384,211,173,342,169,173,446,222,224,361,186,175,394,207,187,382,189,193,359,176,183,312,166,146,333,170,163,363,186,177,345,188,157,332,163,169,339,177,162,294,154,140,374,184,190,312,165,147,347,189,158,350,166,184,333,177,156,305,163,142,303,172,131,323,159,164,302,162,140,313,165,148,328,165,163,251,128,123,365,189,176,271,154,117,325,165,160,314,152,162,297,147,150,248,122,126,307,157,150,284,142,142,265,132,133,245,116,129,227,109,118,197,107,90
구로구,456,226,230,400,205,195,421,230,191,385,189,196,400,213,187,378,178,200,366,187,179,380,193,187,418,222,196,437,213,224,400,212,188,329,171,158,471,238,233,358,182,176,414,211,203,411,201,210,363,189,174,321,171,150,388,203,185,356,183,173,364,175,189,427,211,216,403,210,193,357,195,162,448,230,218,393,202,191,463,234,229,436,216,220,367,182,185,391,194,197,450,236,214,403,193,210,444,221,223,409,212,197,370,194,176,362,190,172,437,217,220,384,186,198,344,178,166,434,234,200,357,184,173,346,158,188,359,181,178,371,183,188,367,184,183,382,194,188,349,171,178,338,179,159,420,227,193,334,172,162,369,185,184,379,211,168,372,204,168,361,186,175,386,195,191,364,180,184,359,180,179,317,147,170,298,130,168,320,180,140,404,202,202,329,160,169,410,200,210,358,180,178,345,178,167,353,183,170,356,175,181,377,180,197,326,151,175,366,181,185,326,169,157,307,157,150,359,208,151,353,190,163,336,166,170,339,160,179,301,150,151,325,166,159,302,167,135,313,158,155,308,158,150,276,134,142,272,141,131,252,126,126,322,165,157,266,146,120,287,150,137,281,132,149,270,127,143,248,126,122,226,112,114,251,123,128,262,129,133,256,142,114,254,138,116,216,105,111,280,135,145,200,99,101,243,137,106,199,98,101,225,125,100,223,121,102,241,120,121,222,117,105,222,111,111,217,116,101,215,101,114,171,91,80,234,125,109,198,116,82,219,112,107,188,109,79,231,123,108,190,97,93,206,95,111,180,86,94,224,105,119,205,97,108,191,94,97,194,111,83,234,126,108,179,106,73,205,110,95,160,91,69,174,89,85,200,105,95,215,103,112,171,85,86,194,95,99,209,124,85,159,87,72,169,82,87
금천구,176,81,95,160,84,76,189,110,79,174,96,78,166,88,78,163,91,72,153,84,69,163,77,86,169,83,86,169,90,79,154,79,75,166,83,83,193,100,93,141,67,74,165,85,80,180,98,82,149,59,90,147,73,74,142,74,68,173,89,84,176,86,90,168,75,93,153,79,74,140,67,73,182,87,95,173,95,78,177,87,90,163,92,71,176,89,87,168,80,88,187,88,99,170,83,87,184,86,98,158,86,72,170,88,82,169,88,81,172,67,105,159,88,71,152,74,78,142,73,69,140,64,76,126,54,72,161,78,83,154,81,73,160,82,78,122,62,60,130,67,63,121,69,52,181,97,84,170,90,80,157,81,76,147,86,61,149,77,72,135,69,66,160,73,87,157,83,74,150,75,75,148,68,80,137,61,76,129,65,64,190,94,96,162,80,82,169,93,76,186,93,93,157,71,86,167,84,83,147,83,64,157,80,77,151,81,70,146,80,66,130,66,64,123,55,68,176,83,93,122,56,66,147,79,68,142,72,70,126,66,60,119,60,59,149,75,74,137,64,73,133,75,58,123,67,56,112,62,50,109,61,48,131,76,55,118,63,55,148,72,76,105,58,47,121,64,57,107,51,56,128,68,60,133,65,68,133,77,56,142,67,75,121,72,49,111,55,56,134,71,63,123,70,53,118,41,77,91,47,44,115,67,48,110,53,57,98,44,54,130,57,73,96,49,47,101,56,45,125,57,68,73,43,30,130,73,57,102,47,55,108,65,43,95,47,48,91,53,38,86,51,35,95,53,42,97,47,50,88,43,45,93,48,45,90,52,38,79,43,36,117,65,52,87,51,36,74,42,32,99,43,56,68,41,27,85,39,46,104,53,51,102,42,60,104,54,50,92,51,41,88,42,46,72,30,42
영등포구,447,237,210,333,159,174,357,194,163,353,175,178,341,179,162,342,170,172,343,175,168,317,162,155,362,190,172,407,206,201,373,196,177,313,163,150,440,227,213,297,138,159,356,182,174,352,177,175,352,178,174,312,151,161,348,179,169,330,172,158,312,149,163,357,164,193,326,164,162,268,119,149,356,179,177,371,195,176,382,202,180,350,167,183,321,185,136,328,177,151,308,155,153,322,168,154,344,191,153,325,158,167,346,184,162,297,134,163,324,173,151,274,139,135,294,145,149,296,161,135,289,156,133,252,138,114,296,150,146,288,141,147,293,162,131,294,144,150,289,139,150,259,129,130,335,186,149,268,150,118,288,148,140,301,159,142,290,147,143,275,148,127,293,141,152,304,163,141,314,154,160,293,135,158,247,137,110,272,141,131,381,206,175,290,135,155,313,169,144,306,156,150,300,135,165,296,161,135,298,152,146,304,160,144,314,185,129,278,139,139,282,143,139,249,124,125,303,150,153,302,157,145,319,159,160,286,154,132,290,144,146,260,141,119,256,125,131,258,141,117,270,144,126,276,132,144,254,135,119,208,108,100,265,132,133,222,127,95,260,143,117,242,125,117,228,135,93,236,119,117,231,113,118,226,112,114,248,121,127,213,113,100,206,117,89,228,108,120,265,117,148,214,111,103,259,138,121,236,124,112,240,114,126,218,115,103,195,96,99,205,96,109,228,111,117,228,122,106,197,94,103,213,114,99,262,124,138,257,143,114,237,121,116,203,103,100,225,116,109,221,108,113,211,115,96,204,90,114,218,124,94,203,99,104,206,98,108,186,97,89,236,133,103,184,87,97,186,95,91,193,108,85,193,88,105,161,76,85,200,96,104,191,103,88,212,121,91,201,104,97,147,83,64,192,106,86
동작구,327,183,144,300,153,147,360,199,161,366,199,167,308,167,141,288,144,144,285,145,140,341,175,166,338,167,171,339,183,156,341,166,175,253,131,122,405,192,213,309,157,152,344,176,168,338,197,141,316,167,149,287,133,154,321,178,143,320,162,158,319,155,164,304,152,152,305,151,154,269,144,125,367,192,175,343,183,160,319,179,140,312,165,147,327,162,165,297,159,138,327,171,156,329,167,162,313,155,158,343,188,155,315,171,144,291,155,136,356,198,158,321,174,147,310,164,146,305,154,151,302,164,138,284,156,128,307,156,151,310,147,163,338,165,173,317,166,151,296,153,143,266,128,138,337,179,158,303,140,163,315,177,138,326,175,151,314,159,155,294,155,139,306,175,131,312,156,156,329,176,153,324,155,169,319,165,154,286,138,148,350,166,184,268,141,127,339,171,168,323,167,156,325,169,156,309,146,163,274,134,140,304,158,146,323,175,148,290,147,143,287,132,155,251,148,103,336,175,161,274,153,121,294,146,148,288,162,126,256,119,137,260,122,138,300,166,134,264,139,125,246,134,112,253,132,121,223,122,101,190,107,83,261,133,128,212,109,103,268,120,148,266,131,135,227,105,122,237,117,120,219,116,103,236,109,127,263,125,138,218,109,109,212,115,97,195,98,97,220,107,113,210,105,105,221,117,104,209,100,109,235,119,116,178,96,82,213,107,106,209,117,92,177,88,89,182,95,87,185,101,84,178,92,86,204,108,96,184,94,90,201,101,100,203,93,110,188,96,92,185,98,87,196,106,90,184,102,82,189,106,83,192,112,80,155,78,77,146,80,66,221,125,96,153,79,74,193,107,86,160,77,83,180,94,86,163,87,76,163,79,84,148,74,74,204,105,99,153,72,81,153,85,68,153,92,61
관악구,472,214,258,394,216,178,438,226,212,382,203,179,355,160,195,341,161,180,352,192,160,386,207,179,409,185,224,436,223,213,408,208,200,365,196,169,477,242,235,391,204,187,416,223,193,411,203,208,385,186,199,356,188,168,394,195,199,398,201,197,380,187,193,402,203,199,359,195,164,360,191,169,443,227,216,392,200,192,428,225,203,395,217,178,363,184,179,336,156,180,371,208,163,381,202,179,382,217,165,390,206,184,389,191,198,326,170,156,409,195,214,352,182,170,384,199,185,352,179,173,347,184,163,304,157,147,328,156,172,348,168,180,371,199,172,325,161,164,326,165,161,294,154,140,398,209,189,338,168,170,355,182,173,357,181,176,313,147,166,315,160,155,372,185,187,394,223,171,355,169,186,305,161,144,284,137,147,285,158,127,396,213,183,321,173,148,342,183,159,335,176,159,328,174,154,338,162,176,309,168,141,327,162,165,331,160,171,332,162,170,296,152,144,305,150,155,341,182,159,289,139,150,324,160,164,298,145,153,326,157,169,325,168,157,308,155,153,281,145,136,287,145,142,267,150,117,264,129,135,251,128,123,280,136,144,274,159,115,282,148,134,247,119,128,247,130,117,272,149,123,244,112,132,235,108,127,248,125,123,195,97,98,200,94,106,207,110,97,261,148,113,218,126,92,215,128,87,221,116,105,209,115,94,223,119,104,251,140,111,225,121,104,207,107,100,194,99,95,187,79,108,171,86,85,209,110,99,204,115,89,193,100,93,185,99,86,214,99,115,174,86,88,206,110,96,165,79,86,190,102,88,169,90,79,179,82,97,157,83,74,172,89,83,195,94,101,174,100,74,166,77,89,151,73,78,143,69,74,156,73,83,177,88,89,156,74,82,155,86,69,132,76,56,128,56,72
서초구,379,204,175,321,169,152,410,199,211,390,211,179,353,176,177,374,193,181,328,152,176,336,163,173,358,193,165,411,209,202,388,207,181,355,177,178,437,233,204,352,177,175,373,189,184,359,187,172,298,149,149,337,179,158,344,181,163,325,182,143,338,178,160,351,172,179,363,178,185,313,162,151,416,228,188,392,211,181,382,194,188,352,189,163,377,212,165,360,196,164,355,177,178,373,191,182,349,173,176,410,217,193,333,160,173,340,160,180,418,203,215,335,173,162,386,194,192,341,162,179,318,168,150,286,158,128,338,167,171,346,193,153,335,181,154,349,179,170,353,187,166,276,148,128,427,223,204,347,170,177,371,194,177,369,207,162,314,171,143,301,163,138,345,183,162,342,182,160,376,191,185,350,170,180,292,147,145,301,151,150,400,205,195,327,166,161,378,188,190,326,171,155,360,175,185,345,182,163,323,163,160,345,169,176,335,174,161,313,155,158,332,164,168,294,141,153,324,156,168,296,141,155,343,178,165,342,155,187,352,169,183,320,179,141,307,158,149,281,149,132,284,147,137,282,156,126,262,123,139,236,116,120,296,163,133,276,140,136,279,149,130,257,137,120,257,127,130,260,148,112,242,121,121,254,125,129,261,131,130,241,113,128,217,108,109,199,97,102,270,146,124,239,118,121,271,144,127,223,117,106,253,130,123,226,120,106,241,132,109,248,139,109,276,145,131,229,137,92,242,135,107,201,94,107,255,136,119,196,99,97,229,117,112,206,103,103,186,103,83,191,102,89,214,104,110,204,108,96,203,104,99,232,131,101,222,126,96,174,104,70,237,131,106,193,96,97,175,96,79,193,104,89,176,88,88,201,103,98,183,104,79,167,88,79,194,101,93,187,95,92,162,68,94,170,91,79
강남구,428,225,203,360,184,176,432,233,199,395,216,179,381,189,192,388,199,189,388,185,203,400,199,201,431,221,210,443,206,237,440,247,193,350,174,176,548,274,274,358,180,178,414,214,200,397,210,187,388,209,179,403,208,195,366,175,191,395,216,179,390,208,182,385,189,196,384,193,191,333,172,161,476,251,225,432,241,191,448,241,207,387,196,191,394,213,181,395,204,191,388,187,201,374,191,183,412,219,193,432,221,211,407,193,214,358,165,193,467,246,221,382,201,181,430,207,223,417,210,207,336,170,166,377,207,170,334,159,175,414,205,209,372,200,172,353,187,166,369,197,172,300,137,163,425,218,207,392,214,178,398,188,210,451,238,213,397,188,209,365,192,173,391,197,194,395,212,183,396,213,183,379,193,186,331,181,150,334,167,167,461,240,221,359,188,171,435,212,223,406,207,199,386,198,188,368,196,172,403,216,187,348,182,166,377,194,183,373,193,180,341,183,158,338,160,178,420,213,207,376,187,189,382,194,188,340,176,164,364,188,176,375,171,204,327,172,155,310,148,162,340,165,175,318,151,167,303,150,153,267,132,135,363,186,177,277,126,151,290,153,137,272,139,133,298,150,148,269,129,140,307,149,158,290,153,137,276,164,112,293,150,143,261,151,110,260,133,127,297,163,134,219,108,111,285,169,116,266,139,127,258,140,118,242,124,118,229,126,103,251,126,125,214,106,108,231,118,113,222,129,93,226,120,106,271,142,129,219,119,100,237,119,118,265,141,124,230,117,113,223,115,108,252,132,120,215,110,105,218,114,104,211,113,98,228,113,115,180,97,83,234,116,118,181,93,88,208,107,101,213,108,105,222,118,104,206,115,91,189,109,80,179,91,88,181,94,87,193,107,86,171,85,86,179,89,90
송파구,662,331,331,537,263,274,623,320,303,547,277,270,561,277,284,533,281,252,496,261,235,531,285,246,598,326,272,629,316,313,552,294,258,481,242,239,698,374,324,540,279,261,569,294,275,536,279,257,556,294,262,472,220,252,538,286,252,555,300,255,549,290,259,537,270,267,531,296,235,493,262,231,664,329,335,581,303,278,619,333,286,549,271,278,552,275,277,577,296,281,542,295,247,595,304,291,599,306,293,575,321,254,556,276,280,450,223,227,619,329,290,515,262,253,545,295,250,497,269,228,473,255,218,459,237,222,502,257,245,484,218,266,522,256,266,461,252,209,475,236,239,411,216,195,556,276,280,514,252,262,525,282,243,503,250,253,476,236,240,481,246,235,498,257,241,496,238,258,523,253,270,498,260,238,476,247,229,455,233,222,541,278,263,464,236,228,552,291,261,515,274,241,525,276,249,470,237,233,515,287,228,477,250,227,478,236,242,472,235,237,473,226,247,417,219,198,564,300,264,456,238,218,508,253,255,483,263,220,458,246,212,454,230,224,438,246,192,443,237,206,475,250,225,426,231,195,395,204,191,400,217,183,488,256,232,427,224,203,471,244,227,406,199,207,410,215,195,412,207,205,403,229,174,427,223,204,437,220,217,345,171,174,375,201,174,375,217,158,440,237,203,379,186,193,404,207,197,404,199,205,396,237,159,380,196,184,364,181,183,386,215,171,361,192,169,364,184,180,359,196,163,330,192,138,402,214,188,396,209,187,422,226,196,394,189,205,380,197,183,369,182,187,399,197,202,356,169,187,332,181,151,357,179,178,332,194,138,285,140,145,342,178,164,305,145,160,328,159,169,343,175,168,326,151,175,348,174,174,296,147,149,304,179,125,316,154,162,313,161,152,273,131,142,297,152,145
강동구,428,222,206,363,200,163,379,187,192,366,184,182,388,199,189,396,212,184,336,178,158,368,190,178,407,214,193,458,210,248,440,208,232,317,164,153,480,237,243,356,187,169,462,239,223,427,231,196,374,188,186,369,200,169,379,208,171,371,192,179,346,185,161,371,178,193,388,212,176,332,171,161,435,208,227,374,202,172,436,225,211,357,176,181,341,169,172,360,175,185,388,211,177,406,221,185,396,209,187,400,206,194,340,174,166,357,167,190,450,238,212,331,167,164,357,182,175,328,173,155,322,167,155,315,177,138,338,177,161,314,152,162,347,182,165,345,181,164,322,161,161,301,168,133,379,185,194,368,189,179,345,202,143,349,177,172,369,192,177,321,169,152,315,154,161,352,175,177,356,167,189,352,181,171,277,147,130,306,149,157,400,208,192,342,169,173,333,172,161,349,192,157,316,167,149,307,159,148,301,161,140,290,155,135,315,166,149,303,146,157,313,168,145,296,159,137,334,175,159,259,124,135,304,154,150,301,160,141,293,141,152,275,144,131,277,151,126,266,135,131,280,137,143,239,128,111,235,121,114,230,119,111,287,152,135,285,151,134,287,144,143,262,141,121,235,115,120,255,130,125,244,121,123,244,108,136,240,127,113,209,101,108,239,126,113,181,85,96,262,128,134,218,105,113,258,135,123,242,129,113,218,113,105,215,109,106,245,124,121,211,121,90,210,106,104,212,112,100,196,93,103,172,91,81,258,114,144,182,83,99,239,127,112,195,101,94,186,99,87,204,106,98,173,93,80,228,119,109,185,90,95,219,104,115,198,83,115,170,91,79,230,94,136,201,104,97,202,99,103,207,108,99,201,108,93,224,102,122,202,96,106,232,123,109,241,111,130,207,108,99,201,97,104,187,91,96
